aa	polarity	charge	hydropathy	hydrophobicity	avgmass1	avgmass2	volume	isoelectric_point	pk1	pk2	aromaticity	polarizability
A	-1.0	0.0	1.8	1.0	89.09	71.08	67.0	6.01	2.35	9.87	0.0	50.16
C	-1.0	0.0	2.5	1.0	121.15	103.14	86.0	5.05	1.92	10.70	0.0	74.99
D	1.0	-1.0	-3.5	-1.0	133.10	115.09	91.0	2.85	1.99	9.90	0.0	69.09
E	1.0	-1.0	-3.5	-1.0	147.13	129.12	109.0	3.15	2.10	9.47	0.0	84.67
F	-1.0	0.0	2.8	1.0	165.19	147.18	135.0	5.49	2.20	9.31	-1.0	121.43
G	-1.0	0.0	-0.4	1.0	75.07	57.05	48.0	6.06	2.35	9.78	0.0	36.66
H	1.0	0.1	-3.2	-1.0	155.16	137.14	118.0	7.60	1.80	9.33	-1.0	99.48
I	-1.0	0.0	4.5	1.0	131.17	113.16	124.0	6.05	2.32	9.76	1.0	91.21
K	1.0	1.0	-3.9	-1.0	146.19	128.17	135.0	9.60	2.16	9.06	0.0	101.73
L	-1.0	0.0	3.8	1.0	131.17	113.16	124.0	6.01	2.33	9.74	1.0	91.60
M	-1.0	0.0	1.9	1.0	149.21	131.20	124.0	5.74	2.13	9.28	0.0	102.31
N	1.0	0.0	-3.5	-1.0	132.12	114.10	96.0	5.41	2.14	8.72	0.0	73.15
P	-1.0	0.0	-1.6	1.0	115.13	97.12	90.0	6.40	1.95	10.64	0.0	73.47
Q	1.0	0.0	-3.5	-1.0	146.15	128.13	114.0	5.65	2.17	9.13	0.0	88.79
R	1.0	1.0	-4.5	-1.0	174.20	156.19	148.0	10.76	1.82	8.99	0.0	114.81
S	1.0	0.0	-0.8	-1.0	105.09	87.08	73.0	5.68	2.19	9.21	0.0	53.82
T	-1.0	0.0	-0.7	-1.0	119.12	101.11	93.0	5.60	2.09	9.10	0.0	153.06
V	-1.0	0.0	4.2	1.0	117.15	99.13	105.0	6.00	2.39	9.74	1.0	76.09
W	1.0	0.0	-0.9	-1.0	204.23	186.21	163.0	5.89	2.46	9.41	-1.0	153.06
Y	1.0	0.0	-1.3	-1.0	181.19	163.18	141.0	2.46	2.20	9.21	-1.0	126.19
